originale,svg
WhatsApp Image 2026-07-25 at 11.42.45 (1).jpeg,WhatsApp Image 2026-07-25 at 11.42.45 (1).svg
WhatsApp Image 2026-07-25 at 11.42.45.jpeg,WhatsApp Image 2026-07-25 at 11.42.45.svg
WhatsApp Image 2026-07-25 at 11.42.46 (1).jpeg,WhatsApp Image 2026-07-25 at 11.42.46 (1).svg
WhatsApp Image 2026-07-25 at 11.42.46 (2).jpeg,WhatsApp Image 2026-07-25 at 11.42.46 (2).svg
WhatsApp Image 2026-07-25 at 11.42.46.jpeg,WhatsApp Image 2026-07-25 at 11.42.46.svg
WhatsApp Image 2026-07-25 at 11.42.47.jpeg,WhatsApp Image 2026-07-25 at 11.42.47.svg
WhatsApp Image 2026-07-25 at 11.42.50 (1).jpeg,WhatsApp Image 2026-07-25 at 11.42.50 (1).svg
WhatsApp Image 2026-07-25 at 11.42.50 (2).jpeg,WhatsApp Image 2026-07-25 at 11.42.50 (2).svg
WhatsApp Image 2026-07-25 at 11.42.50 (3).jpeg,WhatsApp Image 2026-07-25 at 11.42.50 (3).svg
WhatsApp Image 2026-07-25 at 11.42.50.jpeg,WhatsApp Image 2026-07-25 at 11.42.50.svg
WhatsApp Image 2026-07-25 at 11.42.51 (1).jpeg,WhatsApp Image 2026-07-25 at 11.42.51 (1).svg
WhatsApp Image 2026-07-25 at 11.42.51 (2).jpeg,WhatsApp Image 2026-07-25 at 11.42.51 (2).svg
WhatsApp Image 2026-07-25 at 11.42.51 (3).jpeg,WhatsApp Image 2026-07-25 at 11.42.51 (3).svg
WhatsApp Image 2026-07-25 at 11.42.51 (4).jpeg,WhatsApp Image 2026-07-25 at 11.42.51 (4).svg
WhatsApp Image 2026-07-25 at 11.42.51 (5).jpeg,WhatsApp Image 2026-07-25 at 11.42.51 (5).svg
WhatsApp Image 2026-07-25 at 11.42.51.jpeg,WhatsApp Image 2026-07-25 at 11.42.51.svg
WhatsApp Image 2026-07-25 at 11.42.52 (1).jpeg,WhatsApp Image 2026-07-25 at 11.42.52 (1).svg
WhatsApp Image 2026-07-25 at 11.42.52 (2).jpeg,WhatsApp Image 2026-07-25 at 11.42.52 (2).svg
WhatsApp Image 2026-07-25 at 11.42.52 (3).jpeg,WhatsApp Image 2026-07-25 at 11.42.52 (3).svg
WhatsApp Image 2026-07-25 at 11.42.52 (4).jpeg,WhatsApp Image 2026-07-25 at 11.42.52 (4).svg
WhatsApp Image 2026-07-25 at 11.42.52.jpeg,WhatsApp Image 2026-07-25 at 11.42.52.svg
WhatsApp Image 2026-07-25 at 11.42.53 (1).jpeg,WhatsApp Image 2026-07-25 at 11.42.53 (1).svg
WhatsApp Image 2026-07-25 at 11.42.53 (2).jpeg,WhatsApp Image 2026-07-25 at 11.42.53 (2).svg
WhatsApp Image 2026-07-25 at 11.42.53 (3).jpeg,WhatsApp Image 2026-07-25 at 11.42.53 (3).svg
WhatsApp Image 2026-07-25 at 11.42.53 (4).jpeg,WhatsApp Image 2026-07-25 at 11.42.53 (4).svg
WhatsApp Image 2026-07-25 at 11.42.53 (5).jpeg,WhatsApp Image 2026-07-25 at 11.42.53 (5).svg
WhatsApp Image 2026-07-25 at 11.42.53.jpeg,WhatsApp Image 2026-07-25 at 11.42.53.svg
WhatsApp Image 2026-07-25 at 11.49.25.jpeg,WhatsApp Image 2026-07-25 at 11.49.25.svg
